{"cameraMode":{"drawMode":0,"name":"Shaded","section":"Shading Mode"},"sceneLighting":true,"audioPlay":false,"sceneViewState":{"showFog":true,"showMaterialUpdate":false,"showSkybox":true,"showFlares":true,"showImageEffects":true,"showParticleSystems":true},"in2DMode":false,"pivot":{"x":3.325131416320801,"y":-2.0731396675109865,"z":-1.6325922012329102},"rotation":{"x":-0.09571702033281326,"y":0.899296224117279,"z":-0.24773527681827546,"w":-0.34745845198631289},"size":3.7892019748687746,"orthographic":false}