{"cameraMode":{"drawMode":0,"name":"Shaded","section":"Shading Mode"},"sceneLighting":false,"audioPlay":false,"sceneViewState":{"showFog":true,"showMaterialUpdate":false,"showSkybox":false,"showFlares":true,"showImageEffects":true,"showParticleSystems":true},"in2DMode":false,"pivot":{"x":0.5323264598846436,"y":-0.016891026869416238,"z":0.7020406723022461},"rotation":{"x":-0.17435166239738465,"y":0.7291721105575562,"z":-0.20188365876674653,"w":-0.630308985710144},"size":1.6249372959136963,"orthographic":false}